Date,Type,Description,Amount
28/09/2026,expense,TESCO STORES 2087,-42.15
30/09/2026,expense,TFL TRAVEL CH,-18.40
30/09/2026,income,SALARY ACME LTD,1850.00
01/10/2026,expense,LANDLORD RENT PAYMENT,-650.00
02/10/2026,expense,TESCO STORES 2087,-38.72
03/10/2026,expense,TFL TRAVEL CH,-6.70
04/10/2026,expense,PRET A MANGER,-5.85
05/10/2026,expense,NETFLIX.COM,-10.99
06/10/2026,expense,SPOTIFY,-11.99
07/10/2026,expense,SAINSBURYS S/MKTS,-54.30
08/10/2026,expense,UNIQLO ONLINE,-79.90
09/10/2026,expense,TFL TRAVEL CH,-6.70
10/10/2026,expense,COSTA COFFEE,-4.35
11/10/2026,expense,AMAZON MKTPLACE,-23.49
12/10/2026,expense,BOOTS PHARMACY,-14.20
13/10/2026,expense,DELIVEROO,-27.80
14/10/2026,expense,PUREGYM,-24.99
15/10/2026,expense,TESCO STORES 2087,-61.05
16/10/2026,expense,TFL TRAVEL CH,-6.70
17/10/2026,expense,ZARA UK,-45.00
18/10/2026,income,AMAZON MKTPLACE REFUND,12.99
19/10/2026,expense,WAGAMAMA,-32.60
20/10/2026,expense,J SMITH,-20.00
21/10/2026,expense,SAINSBURYS S/MKTS,-47.18
22/10/2026,expense,THAMESLINK RAILWAY,-38.50
25/10/2026,income,SALARY ACME LTD,1850.00
26/10/2026,expense,STARBUCKS,-5.20
27/10/2026,expense,UBER TRIP,-15.40